crit,folder,typ,m,n,N,seed,bos_lb,t0,bnb_lb,oa_lb
E,baseline,independent,50,7,10,1,-1.563463414611273,797.0,-0.8431633,-1.112921
E,baseline,independent,50,7,10,2,-1.8949046881152034,5.0,-0.9331822,-1.198036
E,baseline,independent,50,7,10,3,-1.9418360310103322,5.0,-0.9662426,-1.32343
E,baseline,independent,50,7,10,4,-1.6947020093843361,6.0,-0.8732471,-1.151222
E,baseline,independent,50,7,10,5,-1.9228268678845872,5.0,-0.8478267,-1.09148
E,baseline,independent,50,7,20,1,-1.9690246358606642,1472.0,-1.510123,-1.839997
E,baseline,independent,50,7,20,2,-2.7173157342938694,3.0,-1.638853,-2.047539
E,baseline,independent,50,7,20,3,-2.498627922367355,4.0,-1.826287,-2.102524
E,baseline,independent,50,7,20,4,-1.9145656373418474,5.0,-1.49737,-1.838467
E,baseline,independent,50,7,20,5,-1.9201202660150078,3.0,-1.618828,-2.149537
E,baseline,independent,80,8,12,1,-2.5858416727768176,1499.0,-1.33072,-1.579143
E,baseline,independent,80,8,12,2,-2.4093819444690765,5.0,-1.081179,-1.434994
E,baseline,independent,80,8,12,3,-2.36141532484153,4.0,-1.1095,-1.371438
E,baseline,independent,80,8,12,4,-2.2059119859094705,5.0,-1.173297,-1.552192
E,baseline,independent,80,8,12,5,-2.4470838326293602,5.0,-1.139142,-1.644957
E,baseline,independent,80,8,24,1,-3.8877987967544314,758.0,-2.501156,-2.819264
E,baseline,independent,80,8,24,2,-3.0366984200755067,4.0,-2.091192,-2.488336
E,baseline,independent,80,8,24,3,-3.0886725390614993,4.0,-2.136317,-2.533733
E,baseline,independent,80,8,24,4,-3.471175766448753,5.0,-2.224097,-2.684748
E,baseline,independent,80,8,24,5,-3.5164098458544006,6.0,-2.172534,-2.694461
E,baseline,independent,100,10,15,1,-2.8675670603890833,1470.0,-1.234611,-1.600378
E,baseline,independent,100,10,15,2,-2.764380796100804,7.0,-1.164669,-1.649629
E,baseline,independent,100,10,15,3,-2.7360721386191904,7.0,-1.348838,-1.786727
E,baseline,independent,100,10,15,4,-2.761247892011527,5.0,-1.386793,-1.763576
E,baseline,independent,100,10,15,5,-2.7659691956767434,6.0,-1.294599,-2.105807
E,baseline,independent,100,10,34,1,-3.9102281000778576,1353.0,-2.662759,-3.534094
E,baseline,independent,100,10,34,2,-4.075108223852737,5.0,-2.471507,-3.04565
E,baseline,independent,100,10,34,3,-4.574972902930892,8.0,-2.952093,-3.352451
E,baseline,independent,100,10,34,4,-4.620630078658883,5.0,-3.088292,-3.538959
E,baseline,independent,100,10,34,5,-4.644962406286805,4.0,-2.814047,-3.575868
E,baseline,independent,120,10,15,1,-2.990305352064403,1332.0,-1.48694,-1.972058
E,baseline,independent,120,10,15,2,-2.957420327455243,6.0,-1.310811,-1.836812
E,baseline,independent,120,10,15,3,-2.982169251554093,5.0,-1.410872,-1.874491
E,baseline,independent,120,10,15,4,-2.9166955830890133,7.0,-1.328796,-1.8115
E,baseline,independent,120,10,15,5,-3.100183007278376,4.0,-1.504921,-1.986607
E,baseline,independent,120,10,34,1,-5.02396830139417,3580.0,-3.214735,-3.809839
E,baseline,independent,120,10,34,2,-4.841137181919533,5.0,-2.898279,-3.485015
E,baseline,independent,120,10,34,3,-4.952729460502308,5.0,-3.106402,-3.501234
E,baseline,independent,120,10,34,4,-4.705262232876191,6.0,-2.943561,-3.471447
E,baseline,independent,120,10,34,5,-5.217098417246852,5.0,-3.254542,-3.840475
E,baseline,independent,150,12,18,1,-3.3982301408096336,1372.0,-1.606652,-2.129426
E,baseline,independent,150,12,18,2,-3.3011483770449708,7.0,-1.597596,-2.135358
E,baseline,independent,150,12,18,3,-3.373580027366853,7.0,-1.607077,-2.136404
E,baseline,independent,150,12,18,4,-3.405431799678887,8.0,-1.526707,-2.142374
E,baseline,independent,150,12,18,5,-3.4042095088189344,5.0,-1.675009,-2.281165
E,baseline,independent,150,12,44,1,-5.964008783360967,2049.0,-3.792166,-4.619032
E,baseline,independent,150,12,44,2,-5.49373647209041,6.0,-3.745645,-4.300399
E,baseline,independent,150,12,44,3,-6.02670610165385,11.0,-3.827163,-4.569957
E,baseline,independent,150,12,44,4,-5.30538211408787,7.0,-3.59359,-4.627015
E,baseline,independent,150,12,44,5,-6.15959122656906,8.0,-3.914759,-4.967239
E,baseline,correlated,50,7,10,1,-44.59906981494049,699.0,-40.19008,-60.76848
E,baseline,correlated,50,7,10,2,-34.70208418346811,32.0,-29.64576,-34.85951
E,baseline,correlated,50,7,10,3,-46.45817153796298,57.0,-40.41073,-63.62778
E,baseline,correlated,50,7,10,4,-32.6618070921252,16.0,-28.79535,-43.8909
E,baseline,correlated,50,7,10,5,-47.93805651119332,34.0,-43.42921,-71.77555
E,baseline,correlated,50,7,20,1,-76.43330014321177,654.0,-70.98477,-84.69968
E,baseline,correlated,50,7,20,2,-54.41372561237262,7.0,-51.39256,-63.11326
E,baseline,correlated,50,7,20,3,-69.86631711543795,11.0,-68.30835,-97.26709
E,baseline,correlated,50,7,20,4,-54.96843054161786,22.0,-51.26241,-59.12336
E,baseline,correlated,50,7,20,5,-79.76159687664311,18.0,-74.76799,-85.10806
E,baseline,correlated,80,8,12,1,-96.0914098460333,630.0,-88.82593,-125.616
E,baseline,correlated,80,8,12,2,-65.37546296201322,27.0,-58.10745,-88.48366
E,baseline,correlated,80,8,12,3,-67.0854585842304,76.0,-57.94501,-89.51098
E,baseline,correlated,80,8,12,4,-97.10336614431478,23.0,-87.05968,-159.7255
E,baseline,correlated,80,8,12,5,-88.49632588103687,94.0,-82.4589,-122.0045
E,baseline,correlated,80,8,24,1,-166.4907993525234,368.0,-155.9369,-188.4846
E,baseline,correlated,80,8,24,2,-109.93085721192777,22.0,-101.8663,-141.2022
E,baseline,correlated,80,8,24,3,-117.08016958162506,61.0,-106.5691,-167.2361
E,baseline,correlated,80,8,24,4,-154.53751996272757,62.0,-145.4763,-175.4329
E,baseline,correlated,80,8,24,5,-157.37488091193723,314.0,-148.481,-184.7774
E,baseline,correlated,100,10,15,1,-136.75607057164046,1461.0,-129.196,
E,baseline,correlated,100,10,15,2,-108.3436737025117,315.0,-99.23076,
E,baseline,correlated,100,10,15,3,-127.86394223236017,341.0,-119.6063,
E,baseline,correlated,100,10,15,4,-154.7320282729839,158.0,-147.0716,
E,baseline,correlated,100,10,15,5,-120.76431914525979,222.0,-111.6443,
E,baseline,correlated,100,10,34,1,-273.18155867180496,2118.0,-262.1183,-308.4163
E,baseline,correlated,100,10,34,2,-206.60628863942566,82.0,-193.3089,-275.7456
E,baseline,correlated,100,10,34,3,-240.38035828287389,295.0,-228.3672,-314.2386
E,baseline,correlated,100,10,34,4,-326.1609910672285,137.0,-316.0688,-382.1575
E,baseline,correlated,100,10,34,5,-243.0699107216352,151.0,-230.7152,-279.243
E,baseline,correlated,120,10,15,1,-178.30002803962583,926.0,-169.0861,
E,baseline,correlated,120,10,15,2,-150.83177699964676,501.0,-140.7072,
E,baseline,correlated,120,10,15,3,-163.41566667333612,175.0,-152.5761,
E,baseline,correlated,120,10,15,4,-205.24458234434454,290.0,-197.8433,
E,baseline,correlated,120,10,15,5,-167.6842576347361,545.0,-159.7706,
E,baseline,correlated,120,10,34,1,-364.07559065766117,2350.0,-353.4027,-469.4368
E,baseline,correlated,120,10,34,2,-302.6622908167842,284.0,-290.5394,-353.007
E,baseline,correlated,120,10,34,3,-322.2341749700161,522.0,-308.0323,-388.2645
E,baseline,correlated,120,10,34,4,-431.7285307492464,812.0,-421.9031,-490.1044
E,baseline,correlated,120,10,34,5,-355.4104951862008,412.0,-344.5588,-405.6343
E,baseline,correlated,150,12,18,1,-239.653304955547,1681.0,-227.8166,-346.6897
E,baseline,correlated,150,12,18,2,-228.54478411742124,554.0,-215.908,-322.1876
E,baseline,correlated,150,12,18,3,-233.97732728194188,636.0,-220.7413,-346.238
E,baseline,correlated,150,12,18,4,-221.90761944248092,386.0,-208.1412,-327.3893
E,baseline,correlated,150,12,18,5,-238.9866034666989,676.0,-224.3058,-341.0063
E,baseline,correlated,150,12,44,1,-535.206348458339,1687.0,-519.9867,-668.8401
E,baseline,correlated,150,12,44,2,-484.938824124928,435.0,-464.2778,-619.5686
E,baseline,correlated,150,12,44,3,-524.3127367499137,1076.0,-507.4129,-733.0928
E,baseline,correlated,150,12,44,4,-450.03030988308785,296.0,-428.6518,-573.9999
E,baseline,correlated,150,12,44,5,-530.1113050290405,1107.0,-512.8838,-657.4779
E,optimized,independent,50,7,10,1,-0.8605314051246167,1456.0,-0.8431633,-1.112921
E,optimized,independent,50,7,10,2,-0.9452864369302049,845.0,-0.9331822,-1.198036
E,optimized,independent,50,7,10,3,-0.9805261158332088,932.0,-0.9662426,-1.32343
E,optimized,independent,50,7,10,4,-0.8865194713573382,947.0,-0.8732471,-1.151222
E,optimized,independent,50,7,10,5,-0.8617072163932833,9689.0,-0.8478267,-1.09148
E,optimized,independent,50,7,20,1,-1.5831568942576888,1852.0,-1.510123,-1.839997
E,optimized,independent,50,7,20,2,-1.706937850957301,1491.0,-1.638853,-2.047539
E,optimized,independent,50,7,20,3,-1.9051199712343723,1492.0,-1.826287,-2.102524
E,optimized,independent,50,7,20,4,-1.5752263015455679,14207.0,-1.49737,-1.838467
E,optimized,independent,50,7,20,5,-1.6846581141210133,10904.0,-1.618828,-2.149537
E,optimized,independent,80,8,12,1,-1.3506970048277653,10224.0,-1.33072,-1.579143
E,optimized,independent,80,8,12,2,-1.0997596853027474,2019.0,-1.081179,-1.434994
E,optimized,independent,80,8,12,3,-1.1276936592603295,1388.0,-1.1095,-1.371438
E,optimized,independent,80,8,12,4,-1.190977600017898,1608.0,-1.173297,-1.552192
E,optimized,independent,80,8,12,5,-1.155186290333832,624.0,-1.139142,-1.644957
E,optimized,independent,80,8,24,1,-2.561199640561941,698.0,-2.501156,-2.819264
E,optimized,independent,80,8,24,2,-2.161486141868317,1831.0,-2.091192,-2.488336
E,optimized,independent,80,8,24,3,-2.197017750323354,13998.0,-2.136317,-2.533733
E,optimized,independent,80,8,24,4,-2.2946520393305203,1522.0,-2.224097,-2.684748
E,optimized,independent,80,8,24,5,-2.232681210763438,12766.0,-2.172534,-2.694461
E,optimized,independent,100,10,15,1,-1.2551402463667014,1456.0,-1.234611,-1.600378
E,optimized,independent,100,10,15,2,-1.1837424530572005,951.0,-1.164669,-1.649629
E,optimized,independent,100,10,15,3,-1.3672728223704809,2093.0,-1.348838,-1.786727
E,optimized,independent,100,10,15,4,-1.402875304413211,1141.0,-1.386793,-1.763576
E,optimized,independent,100,10,15,5,-1.3136721199638635,1589.0,-1.294599,-2.105807
E,optimized,independent,100,10,34,1,-2.7989667684984982,1430.0,-2.662759,-3.534094
E,optimized,independent,100,10,34,2,-2.5976320668139947,855.0,-2.471507,-3.04565
E,optimized,independent,100,10,34,3,-3.0346992000710777,2299.0,-2.952093,-3.352451
E,optimized,independent,100,10,34,4,-3.1663166959628954,876.0,-3.088292,-3.538959
E,optimized,independent,100,10,34,5,-2.9227669525669513,4775.0,-2.814047,-3.575868
E,optimized,independent,120,10,15,1,-1.5007082782592611,1940.0,-1.48694,-1.972058
E,optimized,independent,120,10,15,2,-1.3249728354782517,13256.0,-1.310811,-1.836812
E,optimized,independent,120,10,15,3,-1.4266236323581662,12662.0,-1.410872,-1.874491
E,optimized,independent,120,10,15,4,-1.346504058661542,1645.0,-1.328796,-1.8115
E,optimized,independent,120,10,15,5,-1.5241230140966313,1074.0,-1.504921,-1.986607
E,optimized,independent,120,10,34,1,-3.2964685523333106,12081.0,-3.214735,-3.809839
E,optimized,independent,120,10,34,2,-2.9840884546130635,800.0,-2.898279,-3.485015
E,optimized,independent,120,10,34,3,-3.1974497293203528,1163.0,-3.106402,-3.501234
E,optimized,independent,120,10,34,4,-3.023459733836902,1812.0,-2.943561,-3.471447
E,optimized,independent,120,10,34,5,-3.369061434394993,11373.0,-3.254542,-3.840475
E,optimized,independent,150,12,18,1,-1.6253870666635215,1967.0,-1.606652,-2.129426
E,optimized,independent,150,12,18,2,-1.6175206244283777,1570.0,-1.597596,-2.135358
E,optimized,independent,150,12,18,3,-1.6249380060578975,1189.0,-1.607077,-2.136404
E,optimized,independent,150,12,18,4,-1.545743105718355,1560.0,-1.526707,-2.142374
E,optimized,independent,150,12,18,5,-1.6945959793478376,2139.0,-1.675009,-2.281165
E,optimized,independent,150,12,44,1,-3.92310504131993,1339.0,-3.792166,-4.619032
E,optimized,independent,150,12,44,2,-3.8630243775114534,1931.0,-3.745645,-4.300399
E,optimized,independent,150,12,44,3,-3.956478536916642,982.0,-3.827163,-4.569957
E,optimized,independent,150,12,44,4,-3.734942403135564,733.0,-3.59359,-4.627015
E,optimized,independent,150,12,44,5,-4.041917861554429,3915.0,-3.914759,-4.967239
E,optimized,correlated,50,7,10,1,-40.597892782844426,1853.0,-40.19008,-60.76848
E,optimized,correlated,50,7,10,2,-30.09354702764171,1485.0,-29.64576,-34.85951
E,optimized,correlated,50,7,10,3,-41.06685786960657,1029.0,-40.41073,-63.62778
E,optimized,correlated,50,7,10,4,-29.1657668833732,2197.0,-28.79535,-43.8909
E,optimized,correlated,50,7,10,5,-43.98081772133693,1649.0,-43.42921,-71.77555
E,optimized,correlated,50,7,20,1,-74.7794161718051,9786.0,-70.98477,-84.69968
E,optimized,correlated,50,7,20,2,-54.35224630934088,11534.0,-51.39256,-63.11326
E,optimized,correlated,50,7,20,3,-69.75677058522656,1337.0,-68.30835,-97.26709
E,optimized,correlated,50,7,20,4,-54.475255929664634,14039.0,-51.26241,-59.12336
E,optimized,correlated,50,7,20,5,-78.42954746735336,2300.0,-74.76799,-85.10806
E,optimized,correlated,80,8,12,1,-89.66984359889399,710.0,-88.82593,-125.616
E,optimized,correlated,80,8,12,2,-58.78232264069164,13431.0,-58.10745,-88.48366
E,optimized,correlated,80,8,12,3,-59.0250816701936,2182.0,-57.94501,-89.51098
E,optimized,correlated,80,8,12,4,-88.17970082420052,1422.0,-87.05968,-159.7255
E,optimized,correlated,80,8,12,5,-83.42390107957802,1408.0,-82.4589,-122.0045
E,optimized,correlated,80,8,24,1,-163.4323793536919,884.0,-155.9369,-188.4846
E,optimized,correlated,80,8,24,2,-108.53046562929065,2612.0,-101.8663,-141.2022
E,optimized,correlated,80,8,24,3,-113.31586645872903,1391.0,-106.5691,-167.2361
E,optimized,correlated,80,8,24,4,-152.28048930343311,2705.0,-145.4763,-175.4329
E,optimized,correlated,80,8,24,5,-154.84218392309316,2972.0,-148.481,-184.7774
E,optimized,correlated,100,10,15,1,-130.52960753382962,1841.0,-129.196,
E,optimized,correlated,100,10,15,2,-100.49384048069852,1680.0,-99.23076,
E,optimized,correlated,100,10,15,3,-120.74957167800724,1894.0,-119.6063,
E,optimized,correlated,100,10,15,4,-148.97264546343683,2269.0,-147.0716,
E,optimized,correlated,100,10,15,5,-112.89431460953712,2642.0,-111.6443,
E,optimized,correlated,100,10,34,1,-275.28436696274537,2015.0,-262.1183,-308.4163
E,optimized,correlated,100,10,34,2,-204.7530878635259,1888.0,-193.3089,-275.7456
E,optimized,correlated,100,10,34,3,-239.41892265743962,1938.0,-228.3672,-314.2386
E,optimized,correlated,100,10,34,4,-329.71030471183855,885.0,-316.0688,-382.1575
E,optimized,correlated,100,10,34,5,-243.74672231076514,12578.0,-230.7152,-279.243
E,optimized,correlated,120,10,15,1,-170.43948995655057,15320.0,-169.0861,
E,optimized,correlated,120,10,15,2,-142.39806405458194,1729.0,-140.7072,
E,optimized,correlated,120,10,15,3,-154.29396484052705,1910.0,-152.5761,
E,optimized,correlated,120,10,15,4,-199.14106322815343,1745.0,-197.8433,
E,optimized,correlated,120,10,15,5,-160.82334422799335,2879.0,-159.7706,
E,optimized,correlated,120,10,34,1,-365.96037422738425,2438.0,-353.4027,-469.4368
E,optimized,correlated,120,10,34,2,-303.2564015578246,1066.0,-290.5394,-353.007
E,optimized,correlated,120,10,34,3,-322.6295212647565,990.0,-308.0323,-388.2645
E,optimized,correlated,120,10,34,4,-434.5273202804157,2296.0,-421.9031,-490.1044
E,optimized,correlated,120,10,34,5,-356.84331837722624,2674.0,-344.5588,-405.6343
E,optimized,correlated,150,12,18,1,-229.76312804972864,2148.0,-227.8166,-346.6897
E,optimized,correlated,150,12,18,2,-217.79820626791604,2672.0,-215.908,-322.1876
E,optimized,correlated,150,12,18,3,-222.7641121203679,2346.0,-220.7413,-346.238
E,optimized,correlated,150,12,18,4,-210.01199278111397,2647.0,-208.1412,-327.3893
E,optimized,correlated,150,12,18,5,-226.16965371163928,2280.0,-224.3058,-341.0063
E,optimized,correlated,150,12,44,1,-541.8499998915383,16260.0,-519.9867,-668.8401
E,optimized,correlated,150,12,44,2,-491.5916657041615,1627.0,-464.2778,-619.5686
E,optimized,correlated,150,12,44,3,-531.2652082212559,2634.0,-507.4129,-733.0928
E,optimized,correlated,150,12,44,4,-454.48108108078566,1822.0,-428.6518,-573.9999
E,optimized,correlated,150,12,44,5,-537.8337550244277,1798.0,-512.8838,-657.4779
AGC,baseline,correlated,80,26,40,1,-13.336906366031705,993.0,-12.66485,-14.12734
AGC,baseline,correlated,80,26,40,2,-12.631819250293034,48.0,-12.12781,-14.98262
AGC,baseline,correlated,80,26,40,3,-13.434918981262062,58.0,-12.75118,-14.11073
AGC,baseline,correlated,80,26,40,4,-13.126447210269493,29.0,-12.34061,-13.72084
AGC,baseline,correlated,80,26,40,5,-13.511889183920081,65.0,-12.86701,-14.76
AGC,baseline,correlated,100,33,50,1,-11.790643520493006,754.0,-11.27942,-12.25808
AGC,baseline,correlated,100,33,50,2,-11.2718943405727,48.0,-10.97813,-12.56986
AGC,baseline,correlated,100,33,50,3,-10.776041107164414,39.0,-10.63086,-11.18209
AGC,baseline,correlated,100,33,50,4,-11.822252113337667,47.0,-11.17701,-12.58649
AGC,baseline,correlated,100,33,50,5,-10.239196695841091,33.0,-10.09206,-11.52265
AGC,baseline,correlated,150,50,75,1,-9.24321937847932,722.0,-9.118338,-10.76437
AGC,baseline,correlated,150,50,75,2,-8.35553280866055,195.0,-8.319407,-8.760414
AGC,baseline,correlated,150,50,75,3,-9.268293583207976,1141.0,-9.107533,-9.737283
AGC,baseline,correlated,150,50,75,4,-9.983121871525025,224.0,-9.529105,-11.51863
AGC,baseline,correlated,150,50,75,5,-8.347898138877213,50.0,-8.281161,-8.702312
AGC,baseline,correlated,200,66,100,1,-9.654221581058744,1126.0,-9.349934,-10.40511
AGC,baseline,correlated,200,66,100,2,-9.72499046916086,133.0,-9.401429,-10.9587
AGC,baseline,correlated,200,66,100,3,-9.789355086531492,142.0,-9.38917,-10.56997
AGC,baseline,correlated,200,66,100,4,-8.566021420255845,90.0,-8.39825,-9.059644
AGC,baseline,correlated,200,66,100,5,-10.212910689228128,77.0,-9.642498,-11.7064
AGC,baseline,independent,80,26,40,1,-3.696710572386767,1270.0,-3.33392,-5.307059
AGC,baseline,independent,80,26,40,2,-2.953638177766803,20.0,-2.736808,-4.463447
AGC,baseline,independent,80,26,40,3,-4.127288195560367,19.0,-3.672487,-5.415927
AGC,baseline,independent,80,26,40,4,-4.505895063172796,23.0,-3.626641,-5.130669
AGC,baseline,independent,80,26,40,5,-4.045703588492869,42.0,-3.435063,-4.592331
AGC,baseline,independent,100,33,50,1,-1.8811382512339225,1241.0,-1.800317,-3.42227
AGC,baseline,independent,100,33,50,2,-3.5012126305889755,26.0,-3.121416,-4.810267
AGC,baseline,independent,100,33,50,3,-3.7140736283043494,24.0,-3.226373,-4.764603
AGC,baseline,independent,100,33,50,4,-4.095792473042138,41.0,-3.33904,-4.409177
AGC,baseline,independent,100,33,50,5,-3.2226205147458082,29.0,-3.018275,-3.407498
AGC,baseline,independent,150,50,75,1,-3.16182959214965,14723.0,-2.721084,-4.17124
AGC,baseline,independent,150,50,75,2,-3.6651926332793625,263.0,-2.891603,-4.628157
AGC,baseline,independent,150,50,75,3,-3.47278757250595,316.0,-2.953573,-4.341761
AGC,baseline,independent,150,50,75,4,-3.4308832775085016,122.0,-2.801531,-4.101799
AGC,baseline,independent,150,50,75,5,-2.6233234668967267,234.0,-2.390069,-4.051568
AGC,baseline,independent,200,66,100,1,-3.2789040086985652,1463.0,-2.489971,-3.70656
AGC,baseline,independent,200,66,100,2,-2.865465691294138,61.0,-2.399633,-3.878213
AGC,baseline,independent,200,66,100,3,-2.8732264130456997,85.0,-2.364929,-3.869374
AGC,baseline,independent,200,66,100,4,-2.671378253911789,84.0,-2.378445,-4.669494
AGC,baseline,independent,200,66,100,5,-3.485168354517679,62.0,-2.731979,-4.17445
AGC,optimized,correlated,80,26,40,1,-13.336906366031705,820.0,-12.66485,-14.12734
AGC,optimized,correlated,80,26,40,2,-12.636676129074274,3702.0,-12.12781,-14.98262
AGC,optimized,correlated,80,26,40,3,-13.433981365699573,3856.0,-12.75118,-14.11073
AGC,optimized,correlated,80,26,40,4,-13.132669052854743,1424.0,-12.34061,-13.72084
AGC,optimized,correlated,80,26,40,5,-13.514405585845514,1697.0,-12.86701,-14.76
AGC,optimized,correlated,100,33,50,1,-11.790643520493006,1124.0,-11.27942,-12.25808
AGC,optimized,correlated,100,33,50,2,-11.2718943405727,1834.0,-10.97813,-12.56986
AGC,optimized,correlated,100,33,50,3,-10.776041107164414,1904.0,-10.63086,-11.18209
AGC,optimized,correlated,100,33,50,4,-11.823881653582657,1330.0,-11.17701,-12.58649
AGC,optimized,correlated,100,33,50,5,-10.239196695841091,1295.0,-10.09206,-11.52265
AGC,optimized,correlated,150,50,75,1,-9.24321937847932,295.0,-9.118338,-10.76437
AGC,optimized,correlated,150,50,75,2,-8.35553280866055,1117.0,-8.319407,-8.760414
AGC,optimized,correlated,150,50,75,3,-9.268293583207976,1946.0,-9.107533,-9.737283
AGC,optimized,correlated,150,50,75,4,-9.982329842586024,3143.0,-9.529105,-11.51863
AGC,optimized,correlated,150,50,75,5,-8.344703800082655,1372.0,-8.281161,-8.702312
AGC,optimized,correlated,200,66,100,1,-9.656520338474019,3056.0,-9.349934,-10.40511
AGC,optimized,correlated,200,66,100,2,-9.722203494912469,883.0,-9.401429,-10.9587
AGC,optimized,correlated,200,66,100,3,-9.785177828301899,1279.0,-9.38917,-10.56997
AGC,optimized,correlated,200,66,100,4,-8.566021420255845,1168.0,-8.39825,-9.059644
AGC,optimized,correlated,200,66,100,5,-10.221349167596255,1258.0,-9.642498,-11.7064
AGC,optimized,independent,80,26,40,1,-3.5145360625040234,2878.0,-3.33392,-5.307059
AGC,optimized,independent,80,26,40,2,-2.7708108217936918,3441.0,-2.736808,-4.463447
AGC,optimized,independent,80,26,40,3,-4.061448700935722,3319.0,-3.672487,-5.415927
AGC,optimized,independent,80,26,40,4,-4.067834179171694,3375.0,-3.626641,-5.130669
AGC,optimized,independent,80,26,40,5,-3.887785508827876,3527.0,-3.435063,-4.592331
AGC,optimized,independent,100,33,50,1,-1.8040630808305498,3882.0,-1.800317,-3.42227
AGC,optimized,independent,100,33,50,2,-3.393410247215548,3353.0,-3.121416,-4.810267
AGC,optimized,independent,100,33,50,3,-3.488000792774736,4112.0,-3.226373,-4.764603
AGC,optimized,independent,100,33,50,4,-3.739257105953452,2351.0,-3.33904,-4.409177
AGC,optimized,independent,100,33,50,5,-3.1224471515734344,2783.0,-3.018275,-3.407498
AGC,optimized,independent,150,50,75,1,-2.891355057219232,4092.0,-2.721084,-4.17124
AGC,optimized,independent,150,50,75,2,-3.349884186544121,3026.0,-2.891603,-4.628157
AGC,optimized,independent,150,50,75,3,-3.2799455389871186,3601.0,-2.953573,-4.341761
AGC,optimized,independent,150,50,75,4,-3.227205160112052,3602.0,-2.801531,-4.101799
AGC,optimized,independent,150,50,75,5,-2.435610069059827,3549.0,-2.390069,-4.051568
AGC,optimized,independent,200,66,100,1,-2.82022288809972,3699.0,-2.489971,-3.70656
AGC,optimized,independent,200,66,100,2,-2.4729894477122376,2595.0,-2.399633,-3.878213
AGC,optimized,independent,200,66,100,3,-2.444003503779145,3311.0,-2.364929,-3.869374
AGC,optimized,independent,200,66,100,4,-2.439988379002588,13064.0,-2.378445,-4.669494
AGC,optimized,independent,200,66,100,5,-3.087547071307098,4074.0,-2.731979,-4.17445
