seed;numberOfExperiments;numberOfParameters;N;time;solution;scaled_solution;dual_gap;rel_dual_gap;ncalls;num_nodes;termination;optimal_time;optimal_iteration;avg_fixed_to_one;avg_fixed_to_zero;solution_source
1;50;7;5;3600.0;Inf;Inf;0.0;Inf;0;0;ERROR;0.0;0;0.0;0.0;missing
2;50;7;5;3600.0;Inf;Inf;0.0;Inf;0;0;ERROR;0.0;0;0.0;0.0;missing
3;50;7;5;3600.0;Inf;Inf;0.0;Inf;0;0;ERROR;0.0;0;0.0;0.0;missing
4;50;7;5;3600.0;Inf;Inf;0.0;Inf;0;0;ERROR;0.0;0;0.0;0.0;missing
5;50;7;5;3600.0;Inf;Inf;0.0;Inf;0;0;ERROR;0.0;0;0.0;0.0;missing
1;50;7;10;3601.903;-0.6568637009409543;-0.6568637009409543;0.5542253570249959;0.8437448381316711;3755141;113519;TIME_LIMIT;314093.0;17918;0.0;0.0;vertex
2;50;7;10;3601.845;-0.6785467060591251;-0.6785467060591251;0.5850280432897529;0.8621780019941273;3671533;119651;TIME_LIMIT;318572.0;17324;0.0;0.0;rounding
3;50;7;10;3601.987;-0.6964447883728754;-0.6964447883728754;0.651804841970211;0.93590310797363;4526345;111027;TIME_LIMIT;25881.0;2258;0.0;0.0;vertex
4;50;7;10;3600.0;Inf;Inf;0.0;Inf;0;0;ERROR;0.0;0;0.0;0.0;missing
5;50;7;10;3602.29;-0.6526737887860717;-0.6526737887860717;0.6299030445756936;0.9651116000035329;5249941;109285;TIME_LIMIT;15217.0;1146;0.0;0.0;rounding
1;50;7;20;3601.383;-1.403411711587752;-1.403411711587752;1.0699174756952474;0.7623689234321657;1863663;114499;TIME_LIMIT;3.21321e6;54038;0.0;0.0;vertex
2;50;7;20;3601.197;-1.5505104781410823;-1.5505104781410823;0.9348222673660005;0.6029125765643102;1866109;118963;TIME_LIMIT;97530.0;6084;0.0;0.0;vertex
3;50;7;20;3601.341;-1.6247267883900074;-1.6247267883900074;1.1553295417792295;0.7110915816954565;1981930;110325;TIME_LIMIT;585366.0;21046;0.0;0.0;vertex
4;50;7;20;3601.344;-1.4119494993225339;-1.4119494993225339;1.0147603471658746;0.71869450547117;1797622;112165;TIME_LIMIT;630874.0;22098;0.0;0.0;vertex
5;50;7;20;3602.123;-1.4601925579703607;-1.4601925579703607;1.1023076824617615;0.7549056981867841;2812125;103225;TIME_LIMIT;489736.0;17242;0.0;0.0;vertex
1;80;8;6;3600.0;Inf;Inf;0.0;Inf;0;0;ERROR;0.0;0;0.0;0.0;missing
2;80;8;6;3600.0;Inf;Inf;0.0;Inf;0;0;ERROR;0.0;0;0.0;0.0;missing
3;80;8;6;3600.0;Inf;Inf;0.0;Inf;0;0;ERROR;0.0;0;0.0;0.0;missing
4;80;8;6;3600.0;Inf;Inf;0.0;Inf;0;0;ERROR;0.0;0;0.0;0.0;missing
5;80;8;6;3600.0;Inf;Inf;0.0;Inf;0;0;ERROR;0.0;0;0.0;0.0;missing
1;80;8;12;3602.564;-1.0035501932143696;-1.0035501932143696;1.2972699833510242;1.2926807170410386;6560269;102691;TIME_LIMIT;24376.0;1178;0.0;0.0;rounding
2;80;8;12;3603.124;-0.869327292143562;-0.869327292143562;1.089730480085399;1.2535330363301644;5930296;81611;TIME_LIMIT;3.026199e6;37875;0.0;0.0;vertex
3;80;8;12;3603.527;-0.8054736491888068;-0.8054736491888068;1.26765689366117;1.5738030597746162;5824217;72997;TIME_LIMIT;136400.0;4322;0.0;0.0;vertex
4;80;8;12;3603.284;-0.8823794236966438;-0.8823794236966438;1.1291358926321626;1.2796489382104541;5003252;84667;TIME_LIMIT;241203.0;8323;0.0;0.0;vertex
5;80;8;12;3603.092;-0.8419995601939139;-0.8419995601939139;1.1793051206200094;1.4006006373072375;5716460;75039;TIME_LIMIT;25326.0;830;0.0;0.0;vertex
1;80;8;24;3602.877;-2.249971616723613;-2.249971616723613;2.4189831384296916;1.0751171794567753;2869479;99791;TIME_LIMIT;239594.0;9744;0.0;0.0;vertex
2;80;8;24;3601.78;-1.8782386568675293;-1.8782386568675293;1.880783478528374;1.001354897926065;2800730;86449;TIME_LIMIT;1.145707e6;22113;0.0;0.0;vertex
3;80;8;24;3601.463;-1.7909219134922605;-1.7909219134922605;2.199808847540064;1.2283108665807112;2002413;88987;TIME_LIMIT;3.174727e6;42066;0.0;0.0;vertex
4;80;8;24;3601.642;-1.954058221571119;-1.954058221571119;1.938215543106689;0.991892422503311;1812855;93471;TIME_LIMIT;3.44682e6;45833;0.0;0.0;rounding_lmo_01
5;80;8;24;3602.216;-1.9549887339179772;-1.9549887339179772;1.971546177506284;1.0084693294140494;2412917;86255;TIME_LIMIT;2.665416e6;37802;0.0;0.0;vertex
1;100;10;7;3600.0;Inf;Inf;0.0;Inf;0;0;ERROR;0.0;0;0.0;0.0;missing
2;100;10;7;3600.0;Inf;Inf;0.0;Inf;0;0;ERROR;0.0;0;0.0;0.0;missing
3;100;10;7;3600.0;Inf;Inf;0.0;Inf;0;0;ERROR;0.0;0;0.0;0.0;missing
4;100;10;7;3600.0;Inf;Inf;0.0;Inf;0;0;ERROR;0.0;0;0.0;0.0;missing
5;100;10;7;3600.0;Inf;Inf;0.0;Inf;0;0;ERROR;0.0;0;0.0;0.0;missing
1;100;10;15;3606.367;-0.8851753076274499;-0.8851753076274499;1.7403128116949214;1.9660657009960103;7729911;63415;TIME_LIMIT;80185.0;2462;0.0;0.0;rounding
2;100;10;15;3604.232;-0.7983514683505121;-0.7983514683505121;1.6099365036258955;2.016576116471876;5944360;59247;TIME_LIMIT;317941.0;6066;0.0;0.0;rounding
3;100;10;15;3603.411;-0.879593019073029;-0.879593019073029;1.9532630393386976;2.220644089919188;5894381;48285;TIME_LIMIT;121181.0;2438;0.0;0.0;rounding
4;100;10;15;3604.746;-0.9166289090976198;-0.9166289090976198;2.09695990500731;2.287686853638157;6958498;47317;TIME_LIMIT;1.17299e6;11749;0.0;0.0;rounding
5;100;10;15;3603.586;-0.930626067420421;-0.930626067420421;1.7878861622740416;1.921164928497907;6006543;50563;TIME_LIMIT;430993.0;5986;0.0;0.0;vertex
1;100;10;34;3602.301;-2.2627921845804257;-2.2627921845804257;3.134880749796409;1.3854037375410542;2780494;90107;TIME_LIMIT;246377.0;8395;0.0;0.0;vertex
2;100;10;34;3602.129;-2.121594132090614;-2.121594132090614;2.77847589624412;1.3096170724728655;3213937;75253;TIME_LIMIT;1.832611e6;25132;0.0;0.0;vertex
3;100;10;34;3602.34;-2.5058083302660923;-2.5058083302660923;3.2363103500572463;1.2915235020044737;2808680;73659;TIME_LIMIT;1.171081e6;19016;0.0;0.0;vertex
4;100;10;34;3603.276;-2.5775434423592385;-2.5775434423592385;3.507452369686023;1.3607733286061066;3221560;70015;TIME_LIMIT;991640.0;15961;0.0;0.0;vertex
5;100;10;34;3603.618;-2.3470102792871583;-2.3470102792871583;3.159652675655227;1.346245776398937;3761125;62245;TIME_LIMIT;3.169286e6;28920;0.0;0.0;vertex
1;120;10;7;3600.0;Inf;Inf;0.0;Inf;0;0;ERROR;0.0;0;0.0;0.0;missing
2;120;10;7;3600.0;Inf;Inf;0.0;Inf;0;0;ERROR;0.0;0;0.0;0.0;missing
3;120;10;7;3600.0;Inf;Inf;0.0;Inf;0;0;ERROR;0.0;0;0.0;0.0;missing
4;120;10;7;3600.0;Inf;Inf;0.0;Inf;0;0;ERROR;0.0;0;0.0;0.0;missing
5;120;10;7;3600.0;Inf;Inf;0.0;Inf;0;0;ERROR;0.0;0;0.0;0.0;missing
1;120;10;15;3604.045;-0.9738039673020225;-0.9738039673020225;2.3528521455730367;2.4161455740334916;9275661;62025;TIME_LIMIT;2.990338e6;27434;0.0;0.0;rounding
2;120;10;15;3604.019;-0.8727500621208364;-0.8727500621208364;1.9551144504888045;2.240176810457917;8224477;57129;TIME_LIMIT;848658.0;11209;0.0;0.0;rounding
3;120;10;15;3602.959;-1.0053015915787946;-1.0053015915787946;1.9997878736079344;1.9892417264229436;8353650;65411;TIME_LIMIT;369086.0;6527;0.0;0.0;rounding
4;120;10;15;3604.38;-0.8748502783794596;-0.8748502783794596;2.1148223922058573;2.417353511189682;8086342;47649;TIME_LIMIT;1.262755e6;12348;0.0;0.0;rounding
5;120;10;15;3603.332;-1.0197757682345094;-1.0197757682345094;2.1614893585059716;2.1195731707256176;7406800;57657;TIME_LIMIT;1.678061e6;18041;0.0;0.0;rounding
1;120;10;34;3602.583;-2.7793300169466204;-2.7793300169466204;3.763945679576723;1.3542636738446066;4033687;79335;TIME_LIMIT;1.598431e6;25128;0.0;0.0;hyperplane_aware_rounding
2;120;10;34;3602.725;-2.4156670699325113;-2.4156670699325113;3.4273970849370388;1.4188201377571426;3560407;74643;TIME_LIMIT;722990.0;13479;0.0;0.0;follow_gradient
3;120;10;34;3602.412;-2.6033881773985375;-2.6033881773985375;3.594633875145817;1.3807521699425525;3105243;75743;TIME_LIMIT;2.642553e6;32380;0.0;0.0;vertex
4;120;10;34;3602.311;-2.412395931568434;-2.412395931568434;3.732357832996464;1.5471580697658733;2794769;74781;TIME_LIMIT;1.630512e6;23850;0.0;0.0;vertex
5;120;10;34;3602.331;-2.763971225923061;-2.763971225923061;3.92446265139221;1.419863786780772;2487976;77721;TIME_LIMIT;2.885829e6;34862;0.0;0.0;vertex
1;150;12;9;3600.0;Inf;Inf;0.0;Inf;0;0;ERROR;0.0;0;0.0;0.0;missing
2;150;12;9;3600.0;Inf;Inf;0.0;Inf;0;0;ERROR;0.0;0;0.0;0.0;missing
3;150;12;9;3600.0;Inf;Inf;0.0;Inf;0;0;ERROR;0.0;0;0.0;0.0;missing
4;150;12;9;3600.0;Inf;Inf;0.0;Inf;0;0;ERROR;0.0;0;0.0;0.0;missing
5;150;12;9;3600.0;Inf;Inf;0.0;Inf;0;0;ERROR;0.0;0;0.0;0.0;missing
1;150;12;18;3603.515;-0.9909498130324189;-0.9909498130324189;2.8448188425822662;2.870800120418609;6030046;38143;TIME_LIMIT;1.039956e6;8754;0.0;0.0;rounding
2;150;12;18;3603.507;-0.9755972604313894;-0.9755972604313894;2.8876882434870983;2.9599183603797954;5234305;36555;TIME_LIMIT;2.471034e6;14520;0.0;0.0;hyperplane_aware_rounding
3;150;12;18;3604.158;-0.9642284502004332;-0.9642284502004332;3.071319984733266;3.1852617334562505;5615588;31645;TIME_LIMIT;891350.0;6516;0.0;0.0;rounding
4;150;12;18;3603.973;-0.9282975849449545;-0.9282975849449545;2.6988546049945192;2.907316197698127;4758267;33333;TIME_LIMIT;2.991255e6;14957;0.0;0.0;rounding
5;150;12;18;3603.745;-0.9994310376521762;-0.9994310376521762;3.1720580927651527;3.173863901822407;5090439;28047;TIME_LIMIT;609746.0;4504;0.0;0.0;rounding
1;150;12;44;3602.021;-3.1642816454960205;-3.1642816454960205;4.684050743072714;1.4802888199727429;3214755;67805;TIME_LIMIT;2.768534e6;28775;0.0;0.0;vertex
2;150;12;44;3602.018;-3.0961697964951393;-3.0961697964951393;4.390844866689937;1.418153769105418;2761484;62565;TIME_LIMIT;2.507215e6;24238;0.0;0.0;vertex
3;150;12;44;3602.459;-3.138743031491953;-3.138743031491953;5.358567044057165;1.7072334339871247;3175521;53675;TIME_LIMIT;3.346249e6;25630;0.0;0.0;vertex
4;150;12;44;3602.798;-3.006978654501803;-3.006978654501803;4.456802054395971;1.4821528738568233;3078877;52937;TIME_LIMIT;2.524197e6;20856;0.0;0.0;vertex
5;150;12;44;3602.22;-3.2254047475202343;-3.2254047475202343;5.475957485769615;1.697758239482861;2490567;59865;TIME_LIMIT;2.836787e6;25781;0.0;0.0;vertex
